"Instituto Nacional de Estadística y Geografía",
"",
"Principales índices (mensual)",
"Fecha de consulta: 24/06/2026 08:16:12",

"Título","Índice Nacional de Precios al Consumidor. Base segunda quincena Julio 2018. Actualización de Canasta y Ponderadores 2024 (mensual), Resumen, Principales índices, Precios al Consumidor (INPC)","Índice Nacional de Precios al Consumidor. Base segunda quincena Julio 2018. Actualización de Canasta y Ponderadores 2024 (mensual), Resumen, Principales índices, INPP mercancías excluyendo petróleo","Índice Nacional de Precios al Consumidor. Base segunda quincena Julio 2018. Actualización de Canasta y Ponderadores 2024 (mensual), Resumen, Subíndices subyacente y complementarios, Precios al Consumidor (INPC)"
"Cifra","","",""
"Fecha","865541","1380001","865546"
"Ene 2010","72.552045976151","65.972887528506","72.552045976151"
"Feb 2010","72.971670511062","66.586584416450","72.971670511062"
"Mar 2010","73.489725492434","66.976990052088","73.489725492434"
"Abr 2010","73.255564640854","66.645121658069","73.255564640854"
"May 2010","72.793977652452","66.579031223983","72.793977652452"
"Jun 2010","72.771183233271","66.521910205951","72.771183233271"
"Jul 2010","72.929190002590","66.687136291167","72.929190002590"
"Ago 2010","73.131749500306","66.892016636834","73.131749500306"
"Sep 2010","73.515110186521","67.160154969413","73.515110186521"
"Oct 2010","73.968926350203","67.335294619741","73.968926350203"
"Nov 2010","74.561581248892","67.742694938430","74.561581248892"
"Dic 2010","74.930954450610","68.228459628964","74.930954450610"
"Ene 2011","75.295991345634","68.633499575007","75.295991345634"
"Feb 2011","75.578460244005","69.301957108337","75.578460244005"
"Mar 2011","75.723450928541","69.730600780840","75.723450928541"
"Abr 2011","75.717440951980","69.648931887290","75.717440951980"
"May 2011","75.159264378869","69.219344065729","75.159264378869"
"Jun 2011","75.155508143518","69.554044906923","75.155508143518"
"Jul 2011","75.516106737184","70.059636727683","75.516106737184"
"Ago 2011","75.635555021335","70.553426685214","75.635555021335"
"Sep 2011","75.821113047659","71.197336343026","75.821113047659"
"Oct 2011","76.332712302422","71.751079765763","76.332712302422"
"Nov 2011","77.158332832502","72.599397694713","77.158332832502"
"Dic 2011","77.792385359697","73.131897763637","77.792385359697"
"Ene 2012","78.343049462107","73.648819373097","78.343049462107"
"Feb 2012","78.502313840976","73.446299400076","78.502313840976"
"Mar 2012","78.547388665184","73.312702308315","78.547388665184"
"Abr 2012","78.300979626179","73.357549388588","78.300979626179"
"May 2012","78.053819340105","73.578008193719","78.053819340105"
"Jun 2012","78.413666686700","74.140248957981","78.413666686700"
"Jul 2012","78.853897469800","73.598502025763","78.853897469800"
"Ago 2012","79.090540296893","73.473362166621","79.090540296893"
"Sep 2012","79.439118937436","73.735819385419","79.439118937436"
"Oct 2012","79.841036119959","73.710907515314","79.841036119959"
"Nov 2012","80.383436504598","74.085287516033","80.383436504598"
"Dic 2012","80.568243283851","73.821085905403","80.568243283851"
"Ene 2013","80.892782018150","73.689509660476","80.892782018150"
"Feb 2013","81.290942965322","73.753360783349","81.290942965322"
"Mar 2013","81.887433139011","73.803641548350","81.887433139011"
"Abr 2013","81.941522928061","73.350020125092","81.941522928061"
"May 2013","81.668820241601","73.079267917486","81.668820241601"
"Jun 2013","81.619237934972","73.473535866791","81.619237934972"
"Jul 2013","81.592193040447","73.076692360764","81.592193040447"
"Ago 2013","81.824328385119","73.170161616813","81.824328385119"
"Sep 2013","82.132339683875","73.610948149672","82.132339683875"
"Oct 2013","82.522988160346","73.581788673621","82.522988160346"
"Nov 2013","83.292265160166","73.862671931193","83.292265160166"
"Dic 2013","83.770058296773","73.920736506910","83.770058296773"
"Ene 2014","84.519051625699","74.451570767279","84.519051625699"
"Feb 2014","84.733157040688","74.853310928826","84.733157040688"
"Mar 2014","84.965292385360","74.895040627001","84.965292385360"
"Abr 2014","84.806779253561","74.748016788538","84.806779253561"
"May 2014","84.535579061242","74.804260175596","84.535579061242"
"Jun 2014","84.682072239918","74.573248018026","84.682072239918"
"Jul 2014","84.914958831661","74.846861438512","84.914958831661"
"Ago 2014","85.219965142136","75.261678047685","85.219965142136"
"Sep 2014","85.596339924274","75.404530467384","85.596339924274"
"Oct 2014","86.069625578460","75.678973795746","86.069625578460"
"Nov 2014","86.763777871266","75.971420311643","86.763777871266"
"Dic 2014","87.188983712964","77.057130728827","87.188983712964"
"Ene 2015","87.110102770599","77.588134487353","87.110102770599"
"Feb 2015","87.275377126029","77.844382282702","87.275377126029"
"Mar 2015","87.630716990204","78.449652420660","87.630716990204"
"Abr 2015","87.403840375023","78.552854419893","87.403840375023"
"May 2015","86.967365827273","78.369518410943","86.967365827273"
"Jun 2015","87.113107758880","78.768231373992","87.113107758880"
"Jul 2015","87.240819760803","79.330110210754","87.240819760803"
"Ago 2015","87.424875292986","79.887035069166","87.424875292986"
"Sep 2015","87.752419015566","80.384149840815","87.752419015566"
"Oct 2015","88.203918504718","80.506352014378","88.203918504718"
"Nov 2015","88.685467876675","80.743826696335","88.685467876675"
"Dic 2015","89.046817717411","81.133348836961","89.046817717411"
"Ene 2016","89.386381393113","82.286346005587","89.386381393113"
"Feb 2016","89.777781116654","83.312980729280","89.777781116654"
"Mar 2016","89.910000600998","83.137839865980","89.910000600998"
"Abr 2016","89.625277961416","83.391654200638","89.625277961416"
"May 2016","89.225614520103","84.143166217702","89.225614520103"
"Jun 2016","89.324027886291","85.159028762094","89.324027886291"
"Jul 2016","89.556914478034","85.539751347326","89.556914478034"
"Ago 2016","89.809333493599","85.764650892968","89.809333493599"
"Sep 2016","90.357743854799","86.920897715224","90.357743854799"
"Oct 2016","90.906154215999","87.073463551004","90.906154215999"
"Nov 2016","91.616833944348","88.557029940636","91.616833944348"
"Dic 2016","92.039034797764","89.465812261259","92.039034797764"
"Ene 2017","93.603882444858","91.605166866581","93.603882444858"
"Feb 2017","94.144780335357","92.002633304469","94.144780335357"
"Mar 2017","94.722489332292","91.607995742507","94.722489332292"
"Abr 2017","94.838932628163","91.164711117476","94.838932628163"
"May 2017","94.725494320572","91.437478942335","94.725494320572"
"Jun 2017","94.963639641805","90.961588792431","94.963639641805"
"Jul 2017","95.322735741331","90.676108442369","95.322735741331"
"Ago 2017","95.793767654306","90.837119107977","95.793767654306"
"Sep 2017","96.093515235291","90.974688729023","96.093515235291"
"Oct 2017","96.698269126750","92.145164567799","96.698269126750"
"Nov 2017","97.695173988821","93.179554084067","97.695173988821"
"Dic 2017","98.272882985756","93.396237023490","98.272882985756"
"Ene 2018","98.794999699501","94.413992438805","98.794999699501"
"Feb 2018","99.171374481640","94.551615221879","99.171374481640"
"Mar 2018","99.492156980588","94.937029753470","99.492156980588"
"Abr 2018","99.154847046097","94.886078413794","99.154847046097"
"May 2018","98.994080173087","96.387190898068","98.994080173087"
"Jun 2018","99.376464931787","97.787345135992","99.376464931787"
"Jul 2018","99.909099104514","96.778240503832","99.909099104514"
"Ago 2018","100.492000000000","96.730976839547","100.492000000000"
"Sep 2018","100.917000000000","97.320367985031","100.917000000000"
"Oct 2018","101.440000000000","97.605115602489","101.440000000000"
"Nov 2018","102.303000000000","99.433739258381","102.303000000000"
"Dic 2018","103.020000000000","99.728535997683","103.020000000000"
"Ene 2019","103.108000000000","99.175172156238","103.108000000000"
"Feb 2019","103.079000000000","99.098088106875","103.079000000000"
"Mar 2019","103.476000000000","99.293384890931","103.476000000000"
"Abr 2019","103.531000000000","99.376363261107","103.531000000000"
"May 2019","103.233000000000","99.472729310772","103.233000000000"
"Jun 2019","103.299000000000","100.009205182187","103.299000000000"
"Jul 2019","103.687000000000","100.000000000000","103.687000000000"
"Ago 2019","103.670000000000","100.014327488918","103.670000000000"
"Sep 2019","103.942000000000","100.574108102282","103.942000000000"
"Oct 2019","104.503000000000","100.335730236156","104.503000000000"
"Nov 2019","105.346000000000","100.433255166156","105.346000000000"
"Dic 2019","105.934000000000","100.403950095513","105.934000000000"
"Ene 2020","106.447000000000","100.068360022229","106.447000000000"
"Feb 2020","106.889000000000","100.538819031664","106.889000000000"
"Mar 2020","106.838000000000","104.181119660340","106.838000000000"
"Abr 2020","105.755000000000","107.374754678725","105.755000000000"
"May 2020","106.162000000000","106.627703671970","106.162000000000"
"Jun 2020","106.743000000000","105.408492647158","106.743000000000"
"Jul 2020","107.444000000000","106.680450414230","107.444000000000"
"Ago 2020","107.867000000000","106.960259170831","107.867000000000"
"Sep 2020","108.114000000000","106.348825266856","108.114000000000"
"Oct 2020","108.774000000000","106.410315991533","108.774000000000"
"Nov 2020","108.856000000000","105.984808961298","108.856000000000"
"Dic 2020","109.271000000000","105.626641247630","109.271000000000"
"Ene 2021","110.210000000000","106.680531923733","110.210000000000"
"Feb 2021","110.907000000000","107.915133360142","110.907000000000"
"Mar 2021","111.824000000000","109.493146117479","111.824000000000"
"Abr 2021","112.190000000000","109.678353052584","112.190000000000"
"May 2021","112.419000000000","110.350567260300","112.419000000000"
"Jun 2021","113.018000000000","111.222191216286","113.018000000000"
"Jul 2021","113.682000000000","111.739151060565","113.682000000000"
"Ago 2021","113.899000000000","112.403342404850","113.899000000000"
"Sep 2021","114.601000000000","112.916646751608","114.601000000000"
"Oct 2021","115.561000000000","114.032185881112","115.561000000000"
"Nov 2021","116.884000000000","115.266864407675","116.884000000000"
"Dic 2021","117.308000000000","116.336491993623","117.308000000000"
"Ene 2022","118.002000000000","117.046119569893","118.002000000000"
"Feb 2022","118.981000000000","118.088640592025","118.981000000000"
"Mar 2022","120.159000000000","119.564563045770","120.159000000000"
"Abr 2022","120.809000000000","120.286826566108","120.809000000000"
"May 2022","121.022000000000","121.135913811810","121.022000000000"
"Jun 2022","122.044000000000","121.842806440368","122.044000000000"
"Jul 2022","122.948000000000","122.904483692783","122.948000000000"
"Ago 2022","123.803000000000","123.070617888969","123.803000000000"
"Sep 2022","124.571000000000","122.879555796849","124.571000000000"
"Oct 2022","125.276000000000","123.049713990815","125.276000000000"
"Nov 2022","125.997000000000","122.581666699495","125.997000000000"
"Dic 2022","126.478000000000","122.937332963604","126.478000000000"
"Ene 2023","127.336000000000","123.850241306445","127.336000000000"
"Feb 2023","128.046000000000","123.744819425577","128.046000000000"
"Mar 2023","128.389000000000","124.128541842592","128.389000000000"
"Abr 2023","128.363000000000","124.017154918213","128.363000000000"
"May 2023","128.084000000000","123.497097049244","128.084000000000"
"Jun 2023","128.214000000000","122.967908526454","128.214000000000"
"Jul 2023","128.832000000000","122.908907487194","128.832000000000"
"Ago 2023","129.545000000000","123.222574392534","129.545000000000"
"Sep 2023","130.120000000000","123.437010257614","130.120000000000"
"Oct 2023","130.609000000000","124.325998681072","130.609000000000"
"Nov 2023","131.445000000000","124.232953250729","131.445000000000"
"Dic 2023","132.373000000000","123.964121008582","132.373000000000"
"Ene 2024","133.555000000000","124.598331149626","133.555000000000"
"Feb 2024","133.681000000000","124.717360152449","133.681000000000"
"Mar 2024","134.065000000000","125.035801262514","134.065000000000"
"Abr 2024","134.336000000000","125.906050941079","134.336000000000"
"May 2024","134.087000000000","126.550608397996","134.087000000000"
"Jun 2024","134.594000000000","128.579411399409","134.594000000000"
"Jul 2024","136.003000000000","129.140871308941","136.003000000000"
"Ago 2024","136.013000000000","129.740993571672","136.013000000000"
"Sep 2024","136.080000000000","130.767260415118","136.080000000000"
"Oct 2024","136.828000000000","131.184712335222","136.828000000000"
"Nov 2024","137.424000000000","132.633713353324","137.424000000000"
"Dic 2024","137.949000000000","133.104543161502","137.949000000000"
"Ene 2025","138.343000000000","134.247763275577","138.343000000000"
"Feb 2025","138.726000000000","135.021746323343","138.726000000000"
"Mar 2025","139.161000000000","135.176615342568","139.161000000000"
"Abr 2025","139.620000000000","135.590400087759","139.620000000000"
"May 2025","140.012000000000","135.584897031464","140.012000000000"
"Jun 2025","140.405000000000","134.917094845440","140.405000000000"
"Jul 2025","140.780000000000","134.113320603465","140.780000000000"
"Ago 2025","140.867000000000","133.883757027943","140.867000000000"
"Sep 2025","141.197000000000","134.019608115128","141.197000000000"
"Oct 2025","141.708000000000","134.522499317426","141.708000000000"
"Nov 2025","142.645000000000","135.210450371930","142.645000000000"
"Dic 2025","143.042000000000","135.510943859331","143.042000000000"
"Ene 2026","143.588000000000","136.383348513559","143.588000000000"
"Feb 2026","144.307000000000","135.914758504097","144.307000000000"
"Mar 2026","145.544000000000","137.581281015396","145.544000000000"
"Abr 2026","145.831000000000","137.497902814477","145.831000000000"
"May 2026","145.527000000000","137.622604310972","145.527000000000"
